{"lr": 0.0004984969939879762, "data_time": 0.008824176788330078, "grad_norm": 117.73463777542115, "loss": 4.809294257164002, "loss_rpn_cls": 0.21822379760444163, "loss_rpn_bbox": 0.03906029007397592, "loss_cls": 1.6415327817201615, "acc": 83.59375, "loss_bbox": 0.5725167633336968, "loss_mask": 0.9721588087081909, "loss_match": 1.3658018734848287, "match_accuracy": 61.904762268066406, "time": 0.49436436653137206, "epoch": 1, "iter": 50, "memory": 1234, "step": 50}
