{"lr": 0.0004984969939879762, "data_time": 0.006934647560119629, "grad_norm": 197.1142432975769, "loss": 10.18384090900421, "loss_rpn_cls": 0.2568924052640796, "loss_rpn_bbox": 0.03522231550887227, "loss_cls": 1.6550931352376939, "acc": 85.15625, "loss_bbox": 0.5227823405340314, "loss_mask": 1.0725327414274215, "loss_match": 6.641318027250491, "match_accuracy": 78.9473648071289, "time": 0.1458901023864746, "epoch": 1, "iter": 50, "memory": 1236, "step": 50}
{"lr": 0.0005819973279893127, "data_time": 0.004307656288146972, "grad_norm": 40.692868576049804, "loss": 2.6851744508743285, "loss_rpn_cls": 0.03710513772442937, "loss_rpn_bbox": 0.04874668273609131, "loss_cls": 0.6628240077197551, "acc": 89.0625, "loss_bbox": 0.4465915141208097, "loss_mask": 0.7193883407115936, "loss_match": 0.770518803777639, "match_accuracy": 85.71428680419922, "time": 0.12797026634216307, "epoch": 1, "iter": 100, "memory": 1236, "step": 100}
{"lr": 0.0006654976619906494, "data_time": 0.004180665016174316, "grad_norm": 39.45888360500336, "loss": 2.8078226912021638, "loss_rpn_cls": 0.03286405120044947, "loss_rpn_bbox": 0.05111541566438973, "loss_cls": 0.6484591633081436, "acc": 93.75, "loss_bbox": 0.43768791659735146, "loss_mask": 0.6621097767353058, "loss_match": 0.9755863422516404, "match_accuracy": 100.0, "time": 0.13449583053588868, "epoch": 1, "iter": 150, "memory": 1236, "step": 150}
{"lr": 0.0007489979959919859, "data_time": 0.004583220481872558, "grad_norm": 47.74266136169434, "loss": 3.347836065292358, "loss_rpn_cls": 0.02260741053149104, "loss_rpn_bbox": 0.05504949156194925, "loss_cls": 0.617390173971653, "acc": 75.0, "loss_bbox": 0.4623618401773274, "loss_mask": 0.6187541204690933, "loss_match": 1.571673034680498, "match_accuracy": 65.625, "time": 0.13820007801055909, "epoch": 1, "iter": 200, "memory": 1236, "step": 200}
{"lr": 0.0008324983299933224, "data_time": 0.004172902107238769, "grad_norm": 31.9609445476532, "loss": 2.382385940551758, "loss_rpn_cls": 0.016020904928445816, "loss_rpn_bbox": 0.04599694206379354, "loss_cls": 0.637412148118019, "acc": 89.0625, "loss_bbox": 0.48380484131164847, "loss_mask": 0.6109739774465561, "loss_match": 0.5881771362847994, "match_accuracy": 0.0, "time": 0.1344050359725952, "epoch": 1, "iter": 250, "memory": 1236, "step": 250}
{"lr": 0.0009159986639946593, "data_time": 0.004203014373779297, "grad_norm": 41.160231294631956, "loss": 2.4130708062648774, "loss_rpn_cls": 0.021547627933323384, "loss_rpn_bbox": 0.06250589864328504, "loss_cls": 0.49499804884195325, "acc": 93.75, "loss_bbox": 0.33279076220467685, "loss_mask": 0.6103641456365585, "loss_match": 0.89086434744195, "match_accuracy": 100.0, "time": 0.13081979751586914, "epoch": 1, "iter": 300, "memory": 1235, "step": 300}
{"lr": 0.000999498997995995, "data_time": 0.004404821395874023, "grad_norm": 29.760955481529237, "loss": 2.126388643980026, "loss_rpn_cls": 0.020120915863662957, "loss_rpn_bbox": 0.042722343634814024, "loss_cls": 0.43322213381528857, "acc": 87.5, "loss_bbox": 0.27170044217491524, "loss_mask": 0.6250247031450271, "loss_match": 0.7335980954850629, "match_accuracy": 100.0, "time": 0.1361554193496704, "epoch": 1, "iter": 350, "memory": 1228, "step": 350}
{"lr": 0.0010829993319973323, "data_time": 0.004276170730590821, "grad_norm": 31.05463463306427, "loss": 2.070890173912048, "loss_rpn_cls": 0.01327363956719637, "loss_rpn_bbox": 0.040560224163345995, "loss_cls": 0.48743867814540864, "acc": 95.3125, "loss_bbox": 0.3377178853750229, "loss_mask": 0.5872715422511101, "loss_match": 0.6046281990214755, "match_accuracy": 100.0, "time": 0.13693714141845703, "epoch": 1, "iter": 400, "memory": 1236, "step": 400}
{"lr": 0.001166499665998668, "data_time": 0.0041765117645263675, "grad_norm": 33.413374400138856, "loss": 2.017579072713852, "loss_rpn_cls": 0.02307185247540474, "loss_rpn_bbox": 0.06997602701187133, "loss_cls": 0.4028035070747137, "acc": 99.21875, "loss_bbox": 0.27380707112606617, "loss_mask": 0.549468251466751, "loss_match": 0.6984523649403508, "match_accuracy": 100.0, "time": 0.13167991161346435, "epoch": 1, "iter": 450, "memory": 1236, "step": 450}
{"lr": 0.0012500000000000054, "data_time": 0.0044308662414550785, "grad_norm": 29.560015444755553, "loss": 1.7942546105384827, "loss_rpn_cls": 0.01020458672195673, "loss_rpn_bbox": 0.043870956161990764, "loss_cls": 0.3645823192596436, "acc": 92.1875, "loss_bbox": 0.24815268884878605, "loss_mask": 0.5283201566338539, "loss_match": 0.5991239176982345, "match_accuracy": 50.0, "time": 0.13061509609222413, "epoch": 1, "iter": 500, "memory": 1235, "step": 500}
{"lr": 0.0012500000000000054, "data_time": 0.004377374649047852, "grad_norm": 22.78545593738556, "loss": 2.0478818929195404, "loss_rpn_cls": 0.01032558474689722, "loss_rpn_bbox": 0.04613717086613178, "loss_cls": 0.4469789725542068, "acc": 75.0, "loss_bbox": 0.3308315222361125, "loss_mask": 0.5441835257411003, "loss_match": 0.6694251218757654, "match_accuracy": 37.5, "time": 0.13478447914123534, "epoch": 1, "iter": 550, "memory": 1236, "step": 550}
{"lr": 0.0012500000000000054, "data_time": 0.0047068166732788085, "grad_norm": 29.246690936088562, "loss": 2.2487451100349425, "loss_rpn_cls": 0.025456344932317732, "loss_rpn_bbox": 0.06528155912645162, "loss_cls": 0.46760177455842494, "acc": 96.09375, "loss_bbox": 0.3172862122906372, "loss_mask": 0.5317402768135071, "loss_match": 0.8413789512030507, "match_accuracy": 100.0, "time": 0.13469417572021483, "epoch": 1, "iter": 600, "memory": 1236, "step": 600}
{"lr": 0.0012500000000000054, "data_time": 0.004441275596618653, "grad_norm": 41.57247121334076, "loss": 2.3615184879302977, "loss_rpn_cls": 0.02396326495334506, "loss_rpn_bbox": 0.052523288186639545, "loss_cls": 0.38543873742222784, "acc": 86.71875, "loss_bbox": 0.24780836758553051, "loss_mask": 0.5930356466770172, "loss_match": 1.058749172190631, "match_accuracy": 100.0, "time": 0.13247835159301757, "epoch": 1, "iter": 650, "memory": 1226, "step": 650}
{"lr": 0.0012500000000000054, "data_time": 0.004297585487365723, "grad_norm": 28.173585839271546, "loss": 1.8588064163923264, "loss_rpn_cls": 0.01128734465688467, "loss_rpn_bbox": 0.07515782793052495, "loss_cls": 0.35435167513787746, "acc": 87.5, "loss_bbox": 0.2158308020257391, "loss_mask": 0.5383618229627609, "loss_match": 0.6638169519083987, "match_accuracy": 100.0, "time": 0.13206464290618897, "epoch": 1, "iter": 700, "memory": 1221, "step": 700}
{"lr": 0.0012500000000000054, "data_time": 0.004624209403991699, "grad_norm": 35.71862077236175, "loss": 2.3021206849813463, "loss_rpn_cls": 0.012480747066438197, "loss_rpn_bbox": 0.07129339582286776, "loss_cls": 0.4324571070075035, "acc": 89.84375, "loss_bbox": 0.3077118434093427, "loss_mask": 0.5031927946209908, "loss_match": 0.9749848182646917, "match_accuracy": 100.0, "time": 0.1344074535369873, "epoch": 1, "iter": 750, "memory": 1234, "step": 750}
{"lr": 0.0012500000000000054, "data_time": 0.004092659950256348, "grad_norm": 26.692254500389097, "loss": 1.728975613117218, "loss_rpn_cls": 0.010377865582704544, "loss_rpn_bbox": 0.04608163818717003, "loss_cls": 0.40365595936775206, "acc": 97.65625, "loss_bbox": 0.25360122955637054, "loss_mask": 0.5190588435530663, "loss_match": 0.4962000843418245, "match_accuracy": 100.0, "time": 0.1315223217010498, "epoch": 1, "iter": 800, "memory": 1227, "step": 800}
{"lr": 0.0012500000000000054, "data_time": 0.0044659852981567385, "grad_norm": 36.159503841400145, "loss": 2.0061005079746246, "loss_rpn_cls": 0.03632626708596945, "loss_rpn_bbox": 0.07458218742161989, "loss_cls": 0.3603863159567118, "acc": 96.09375, "loss_bbox": 0.2287918920069933, "loss_mask": 0.5538755795359611, "loss_match": 0.7521382276483254, "match_accuracy": 100.0, "time": 0.13661910057067872, "epoch": 1, "iter": 850, "memory": 1235, "step": 850}
{"lr": 0.0012500000000000054, "data_time": 0.004132900238037109, "grad_norm": 19.899414639472962, "loss": 1.732750604748726, "loss_rpn_cls": 0.010494739878922701, "loss_rpn_bbox": 0.06143343336880207,