{"lr": 0.0004984969939879762, "data_time": 0.0076006269454956055, "grad_norm": 88.83099354743958, "loss": 4.174899454116821, "loss_rpn_cls": 0.19846060065669008, "loss_rpn_bbox": 0.037469493374228474, "loss_cls": 1.4794611948728562, "acc": 75.78125, "loss_bbox": 0.5651838453486562, "loss_mask": 0.8939936220645904, "loss_match": 1.0003307096345713, "match_accuracy": 41.93548583984375, "time": 0.16182538986206055, "epoch": 1, "iter": 50, "memory": 1235, "step": 50}
{"lr": 0.0005819973279893127, "data_time": 0.004559979438781738, "grad_norm": 57.70368422985077, "loss": 2.959320676326752, "loss_rpn_cls": 0.05429476035758853, "loss_rpn_bbox": 0.043481996515765786, "loss_cls": 0.6908745819330215, "acc": 81.25, "loss_bbox": 0.46060478284955025, "loss_mask": 0.6575247049331665, "loss_match": 1.052539898045378, "match_accuracy": 95.83332824707031, "time": 0.14288159370422363, "epoch": 1, "iter": 100, "memory": 1235, "step": 100}
