{"coco/bbox_mAP": 0.149, "coco/bbox_mAP_50": 0.212, "coco/bbox_mAP_75": 0.158, "coco/bbox_mAP_s": 0.001, "coco/bbox_mAP_m": 0.132, "coco/bbox_mAP_l": 0.591, "coco/segm_mAP": 0.137, "coco/segm_mAP_50": 0.201, "coco/segm_mAP_75": 0.151, "coco/segm_mAP_s": 0.0, "coco/segm_mAP_m": 0.097, "coco/segm_mAP_l": 0.535, "coco/AR@100": 0.141, "coco/AR@300": 0.141, "coco/AR@1000": 0.141, "coco/AR_s@1000": 0.001, "coco/AR_m@1000": 0.222, "coco/AR_l@1000": 0.715, "data_time": 1.2546928574268084, "time": 2.009486383065245}