{"coco/bbox_mAP": 0.076, "coco/bbox_mAP_50": 0.107, "coco/bbox_mAP_75": 0.085, "coco/bbox_mAP_s": 0.0, "coco/bbox_mAP_m": 0.033, "coco/bbox_mAP_l": 0.447, "coco/segm_mAP": 0.064, "coco/segm_mAP_50": 0.103, "coco/segm_mAP_75": 0.068, "coco/segm_mAP_s": 0.0, "coco/segm_mAP_m": 0.015, "coco/segm_mAP_l": 0.368, "coco/AR@100": 0.072, "coco/AR@300": 0.072, "coco/AR@1000": 0.072, "coco/AR_s@1000": 0.0, "coco/AR_m@1000": 0.063, "coco/AR_l@1000": 0.49, "data_time": 1.757990492913956, "time": 2.3406809451884794}