{"coco/bbox_mAP": 0.144, "coco/bbox_mAP_50": 0.204, "coco/bbox_mAP_75": 0.156, "coco/bbox_mAP_s": 0.003, "coco/bbox_mAP_m": 0.157, "coco/bbox_mAP_l": 0.603, "coco/segm_mAP": 0.13, "coco/segm_mAP_50": 0.192, "coco/segm_mAP_75": 0.143, "coco/segm_mAP_s": 0.0, "coco/segm_mAP_m": 0.115, "coco/segm_mAP_l": 0.532, "coco/AR@100": 0.148, "coco/AR@300": 0.148, "coco/AR@1000": 0.148, "coco/AR_s@1000": 0.003, "coco/AR_m@1000": 0.265, "coco/AR_l@1000": 0.674, "data_time": 1.3709545117571837, "time": 2.108818545377344}