{"coco/bbox_mAP": 0.163, "coco/bbox_mAP_50": 0.23, "coco/bbox_mAP_75": 0.177, "coco/bbox_mAP_s": 0.003, "coco/bbox_mAP_m": 0.172, "coco/bbox_mAP_l": 0.686, "coco/segm_mAP": 0.147, "coco/segm_mAP_50": 0.22, "coco/segm_mAP_75": 0.158, "coco/segm_mAP_s": 0.0, "coco/segm_mAP_m": 0.123, "coco/segm_mAP_l": 0.615, "coco/AR@100": 0.167, "coco/AR@300": 0.167, "coco/AR@1000": 0.167, "coco/AR_s@1000": 0.002, "coco/AR_m@1000": 0.286, "coco/AR_l@1000": 0.794, "data_time": 1.5178952683183484, "time": 2.2876568683107994}