{"coco/bbox_mAP": 0.126, "coco/bbox_mAP_50": 0.198, "coco/bbox_mAP_75": 0.142, "coco/bbox_mAP_s": 0.001, "coco/bbox_mAP_m": 0.105, "coco/bbox_mAP_l": 0.523, "coco/segm_mAP": 0.116, "coco/segm_mAP_50": 0.188, "coco/segm_mAP_75": 0.125, "coco/segm_mAP_s": 0.0, "coco/segm_mAP_m": 0.075, "coco/segm_mAP_l": 0.445, "coco/AR@100": 0.124, "coco/AR@300": 0.124, "coco/AR@1000": 0.124, "coco/AR_s@1000": 0.0, "coco/AR_m@1000": 0.207, "coco/AR_l@1000": 0.608, "data_time": 1.2562566072420966, "time": 1.9956530162266322}