{"coco/bbox_mAP": 0.033, "coco/bbox_mAP_50": 0.047, "coco/bbox_mAP_75": 0.034, "coco/bbox_mAP_s": 0.0, "coco/bbox_mAP_m": 0.019, "coco/bbox_mAP_l": 0.227, "coco/segm_mAP": 0.025, "coco/segm_mAP_50": 0.04, "coco/segm_mAP_75": 0.024, "coco/segm_mAP_s": 0.0, "coco/segm_mAP_m": 0.008, "coco/segm_mAP_l": 0.157, "coco/AR@100": 0.038, "coco/AR@300": 0.038, "coco/AR@1000": 0.038, "coco/AR_s@1000": 0.0, "coco/AR_m@1000": 0.035, "coco/AR_l@1000": 0.254, "data_time": 1.5974274918549043, "time": 2.1400795771663352}