{"coco/bbox_mAP": 0.115, "coco/bbox_mAP_50": 0.166, "coco/bbox_mAP_75": 0.13, "coco/bbox_mAP_s": 0.001, "coco/bbox_mAP_m": 0.095, "coco/bbox_mAP_l": 0.505, "coco/segm_mAP": 0.106, "coco/segm_mAP_50": 0.157, "coco/segm_mAP_75": 0.115, "coco/segm_mAP_s": 0.0, "coco/segm_mAP_m": 0.065, "coco/segm_mAP_l": 0.447, "coco/AR@100": 0.122, "coco/AR@300": 0.122, "coco/AR@1000": 0.122, "coco/AR_s@1000": 0.001, "coco/AR_m@1000": 0.182, "coco/AR_l@1000": 0.643, "data_time": 1.4605947347511923, "time": 2.211494393814775}