{"coco/bbox_mAP": 0.038, "coco/bbox_mAP_50": 0.056, "coco/bbox_mAP_75": 0.042, "coco/bbox_mAP_s": 0.0, "coco/bbox_mAP_m": 0.033, "coco/bbox_mAP_l": 0.288, "coco/segm_mAP": 0.027, "coco/segm_mAP_50": 0.047, "coco/segm_mAP_75": 0.023, "coco/segm_mAP_s": 0.0, "coco/segm_mAP_m": 0.014, "coco/segm_mAP_l": 0.191, "coco/AR@100": 0.048, "coco/AR@300": 0.048, "coco/AR@1000": 0.048, "coco/AR_s@1000": 0.0, "coco/AR_m@1000": 0.061, "coco/AR_l@1000": 0.278, "data_time": 1.380361227164591, "time": 2.046708099824145}