{"coco/bbox_mAP": 0.033, "coco/bbox_mAP_50": 0.05, "coco/bbox_mAP_75": 0.033, "coco/bbox_mAP_s": 0.0, "coco/bbox_mAP_m": 0.028, "coco/bbox_mAP_l": 0.224, "coco/segm_mAP": 0.025, "coco/segm_mAP_50": 0.04, "coco/segm_mAP_75": 0.027, "coco/segm_mAP_s": 0.0, "coco/segm_mAP_m": 0.012, "coco/segm_mAP_l": 0.16, "coco/AR@100": 0.041, "coco/AR@300": 0.041, "coco/AR@1000": 0.041, "coco/AR_s@1000": 0.0, "coco/AR_m@1000": 0.047, "coco/AR_l@1000": 0.254, "data_time": 1.606056132710966, "time": 2.17281947279335}