{"data_time": 1.0370353594758457, "time": 1.7068839109033571}