{"coco/bbox_mAP": 0.115, "coco/bbox_mAP_50": 0.168, "coco/bbox_mAP_75": 0.131, "coco/bbox_mAP_s": 0.001, "coco/bbox_mAP_m": 0.088, "coco/bbox_mAP_l": 0.535, "coco/segm_mAP": 0.105, "coco/segm_mAP_50": 0.161, "coco/segm_mAP_75": 0.117, "coco/segm_mAP_s": 0.0, "coco/segm_mAP_m": 0.061, "coco/segm_mAP_l": 0.449, "coco/AR@100": 0.119, "coco/AR@300": 0.119, "coco/AR@1000": 0.119, "coco/AR_s@1000": 0.001, "coco/AR_m@1000": 0.17, "coco/AR_l@1000": 0.645, "data_time": 1.633665362695106, "time": 2.4341772982948706}