{"coco/bbox_mAP": 0.163, "coco/bbox_mAP_50": 0.225, "coco/bbox_mAP_75": 0.177, "coco/bbox_mAP_s": 0.002, "coco/bbox_mAP_m": 0.161, "coco/bbox_mAP_l": 0.678, "coco/segm_mAP": 0.149, "coco/segm_mAP_50": 0.215, "coco/segm_mAP_75": 0.163, "coco/segm_mAP_s": 0.0, "coco/segm_mAP_m": 0.12, "coco/segm_mAP_l": 0.614, "coco/AR@100": 0.158, "coco/AR@300": 0.158, "coco/AR@1000": 0.158, "coco/AR_s@1000": 0.002, "coco/AR_m@1000": 0.271, "coco/AR_l@1000": 0.75, "data_time": 1.5062891988825977, "time": 2.224939116858002}