{"lr": 0.0004984969939879762, "data_time": 0.014620223045349122, "grad_norm": 119.58839912414551, "loss": 7.0453204405307766, "loss_rpn_cls": 0.33193456488195805, "loss_rpn_bbox": 0.0745237026317045, "loss_cls": 1.7202433021366597, "acc": 80.46875, "loss_bbox": 0.33905335574992934, "loss_mask": 0.8875563216209411, "loss_match": 3.6920091942235014, "match_accuracy": 84.0, "time": 0.16509684085845946, "epoch": 1, "iter": 50, "memory": 1240, "step": 50}
{"lr": 0.0005819973279893127, "data_time": 0.009149389266967773, "grad_norm": 35.92680758476257, "loss": 3.0900996828079226, "loss_rpn_cls": 0.031192157173645683, "loss_rpn_bbox": 0.07313903667964042, "loss_cls": 0.5694029366970063, "acc": 86.71875, "loss_bbox": 0.2371178753336426, "loss_mask": 0.5964492666721344, "loss_match": 1.5827984039982157, "match_accuracy": 88.23529052734375, "time": 0.1378660297393799, "epoch": 1, "iter": 100, "memory": 1239, "step": 100}
{"lr": 0.0006654976619906494, "data_time": 0.009543919563293457, "grad_norm": 42.178252935409546, "loss": 3.212319606542587, "loss_rpn_cls": 0.0498936673393473, "loss_rpn_bbox": 0.08166370369493961, "loss_cls": 0.5406035643815994, "acc": 77.34375, "loss_bbox": 0.3056899741012603, "loss_mask": 0.5701170885562896, "loss_match": 1.6643515862317873, "match_accuracy": 93.75, "time": 0.1392453908920288, "epoch": 1, "iter": 150, "memory": 1239, "step": 150}
{"lr": 0.0007489979959919859, "data_time": 0.00886235237121582, "grad_norm": 40.31708415985108, "loss": 3.0280880892276762, "loss_rpn_cls": 0.05326163365738466, "loss_rpn_bbox": 0.07043578748591245, "loss_cls": 0.421202277392149, "acc": 82.03125, "loss_bbox": 0.32779621773865075, "loss_mask": 0.5274898016452789, "loss_match": 1.6279023633897305, "match_accuracy": 29.032258987426758, "time": 0.13696826457977296, "epoch": 1, "iter": 200, "memory": 1240, "step": 200}
{"lr": 0.0008324983299933224, "data_time": 0.009764347076416015, "grad_norm": 43.44696975231171, "loss": 3.5146945118904114, "loss_rpn_cls": 0.03578097115969285, "loss_rpn_bbox": 0.09778299791738392, "loss_cls": 0.450009278357029, "acc": 88.28125, "loss_bbox": 0.30101026050280777, "loss_mask": 0.5190536403656005, "loss_match": 2.11105735972058, "match_accuracy": 87.5, "time": 0.13902629852294923, "epoch": 1, "iter": 250, "memory": 1238, "step": 250}
{"lr": 0.0009159986639946593, "data_time": 0.008586726188659667, "grad_norm": 58.63207774162292, "loss": 3.6516688114404676, "loss_rpn_cls": 0.04565033070757636, "loss_rpn_bbox": 0.0698958308622241, "loss_cls": 0.39968828529119493, "acc": 97.65625, "loss_bbox": 0.2728189537813887, "loss_mask": 0.5064237064123154, "loss_match": 2.3571917187981306, "match_accuracy": 87.5, "time": 0.1357777738571167, "epoch": 1, "iter": 300, "memory": 1239, "step": 300}
{"lr": 0.000999498997995995, "data_time": 0.009645309448242188, "grad_norm": 56.86267243385315, "loss": 4.043594940900802, "loss_rpn_cls": 0.05312561932369135, "loss_rpn_bbox": 0.09923826599493622, "loss_cls": 0.3759602565318346, "acc": 92.1875, "loss_bbox": 0.24093569603282958, "loss_mask": 0.5032234221696854, "loss_match": 2.771111682355404, "match_accuracy": 79.16666412353516, "time": 0.13823516368865968, "epoch": 1, "iter": 350, "memory": 1239, "step": 350}
{"lr": 0.0010829993319973323, "data_time": 0.010249981880187988, "grad_norm": 44.00785751342774, "loss": 3.12397238612175, "loss_rpn_cls": 0.023660041270777584, "loss_rpn_bbox": 0.0658103308454156, "loss_cls": 0.3512190603464842, "acc": 96.875, "loss_bbox": 0.24074613669887185, "loss_mask": 0.47875175952911375, "loss_match": 1.9637850310653449, "match_accuracy": 100.0, "time": 0.14026708602905275, "epoch": 1, "iter": 400, "memory": 1239, "step": 400}
{"lr": 0.001166499665998668, "data_time": 0.008660717010498047, "grad_norm": 53.75102799415588, "loss": 3.602140737771988, "loss_rpn_cls": 0.0258137581666233, "loss_rpn_bbox": 0.06074498873203993, "loss_cls": 0.2832250691950321, "acc": 93.75, "loss_bbox": 0.204362478768453, "loss_mask": 0.4561151361465454, "loss_match": 2.571879301201552, "match_accuracy": 78.57142639160156, "time": 0.13636496067047119, "epoch": 1, "iter": 450, "memory": 1239, "step": 450}
{"lr": 0.0012500000000000054, "data_time": 0.009935898780822754, "grad_norm": 34.88258933544159, "loss": 2.7756362235546113, "loss_rpn_cls": 0.02724797684699297, "loss_rpn_bbox": 0.0810623580031097, "loss_cls": 0.2907428457587957, "acc": 92.1875, "loss_bbox": 0.18545067607890814, "loss_mask": 0.4885918587446213, "loss_match": 1.7025404897332193, "match_accuracy": 50.0, "time": 0.13838521957397462, "epoch": 1, "iter": 500, "memory": 1239, "step": 500}
{"lr": 0.0012500000000000054, "data_time": 0.008459239006042481, "grad_norm": 36.77458799362183, "loss": 2.9134999644756316, "loss_rpn_cls": 0.04115511563140899, "loss_rpn_bbox": 0.07663937794044613, "loss_cls": 0.230786706879735, "acc": 95.3125, "loss_bbox": 0.11291470628231765, "loss_mask": 0.47743484675884246, "loss_match": 1.9745692175067961, "match_accuracy": 50.0, "time": 0.13445452213287354, "epoch": 1, "iter": 550, "memory": 1237, "step": 550}
{"lr": 0.0012500000000000054, "data_time": 0.009154348373413087, "grad_norm": 31.246463718414308, "loss": 3.0825505006313323, "loss_rpn_cls": 0.045477250134572385, "loss_rpn_bbox": 0.07964278956875205, "loss_cls": 0.24071486312896012, "acc": 90.625, "loss_bbox": 0.10997623343020678, "loss_mask": 0.48086576759815214, "loss_match": 2.1258736047148705, "match_accuracy": 4.545454502105713, "time": 0.13786393642425537, "epoch": 1, "iter": 600, "memory": 1235, "step": 600}
{"lr": 0.0012500000000000054, "data_time": 0.01083956241607666, "grad_norm": 36.31633847236633, "loss": 3.333188483715057, "loss_rpn_cls": 0.031358526526018976, "loss_rpn_bbox": 0.0714558656141162, "loss_cls": 0.226642684340477, "acc": 96.875, "loss_bbox": 0.1331473820237443, "loss_mask": 0.4915392243862152, "loss_match": 2.3790447924472393, "match_accuracy": 62.5, "time": 0.13856847763061522, "epoch": 1, "iter": 650, "memory": 1239, "step": 650}
{"lr": 0.0012500000000000054, "data_time": 0.00852419376373291, "grad_norm": 37.085056586265566, "loss": 2.960776477456093, "loss_rpn_cls": 0.0441427580663003, "loss_rpn_bbox": 0.09870712708681822, "loss_cls": 0.2501653752475977, "acc": 94.53125, "loss_bbox": 0.13157475658226758, "loss_mask": 0.49003226041793824, "loss_match": 1.9461542170401662, "match_accuracy": 23.076923370361328, "time": 0.13675812721252442, "epoch": 1, "iter": 700, "memory": 1238, "step": 700}
{"lr": 0.0012500000000000054, "data_time": 0.009072871208190917, "grad_norm": 28.182370615005492, "loss": 3.409747543334961, "loss_rpn_cls": 0.030589865813963116, "loss_rpn_bbox": 0.08219404525123536, "loss_cls": 0.3035876766592264, "acc": 88.28125, "loss_bbox": 0.2110393328871578, "loss_mask": 0.4561177051067352, "loss_match": 2.326218930780888, "match_accuracy": 45.83333206176758, "time": 0.1400584125518799, "epoch": 1, "iter": 750, "memory": 1239, "step": 750}
{"lr": 0.0012500000000000054, "data_time": 0.008782763481140137, "grad_norm": 38.57793071746826, "loss": 2.8541246038675308, "loss_rpn_cls": 0.03349870641715825, "loss_rpn_bbox": 0.06500411623623222, "loss_cls": 0.21277905005961656, "acc": 87.5, "loss_bbox": 0.16947015477344393, "loss_mask": 0.4303511418402195, "loss_match": 1.9430214413612703, "match_accuracy": 14.285714149475098, "time": 0.13872168064117432, "epoch": 1, "iter": 800, "memory": 1239, "step": 800}
{"lr": 0.0012500000000000054, "data_time": 0.009058980941772462, "grad_norm": 27.633794050216675, "loss": 2.9615822261571885, "loss_rpn_cls": 0.014880367912119254, "loss_rpn_bbox": 0.0598998899012804, "loss_cls": 0.23425945362076164, "acc": 100.0, "loss_bbox": 0.14237563255708666, "loss_mask": 0.4435461688041687, "loss_match": 2.0666207295190544, "match_accuracy": 100.0, "time": 0.13911262035369873, "epoch": 1, "iter": 850, "memory": 1239, "step": 850}
