{"labels": [13, 2, 2, 2, 2, 2, 2, 2, 2, 2, 2, 2, 2, 2, 2, 2, 2, 2, 2, 2, 2, 2, 2, 2, 2, 2, 2, 2, 7, 2, 2, 2, 2, 2, 2, 2, 2, 2, 0, 0, 0, 0, 56, 9, 0, 9, 9, 9, 9, 9, 0, 9, 9, 9, 9, 0, 9, 0, 0, 9, 0, 9, 9, 9, 0, 9, 0, 9, 9, 9, 9, 9, 0, 9, 9, 0, 9, 9, 9, 9, 0, 9, 9, 9, 9, 9, 9, 9, 0, 9, 9, 9, 9, 7, 9, 9, 9, 0, 9, 0], "scores": [0.9947922825813293, 0.9874745607376099, 0.9814956784248352, 0.9747530817985535, 0.9645344018936157, 0.9498119354248047, 0.935289204120636, 0.9161509871482849, 0.8549376726150513, 0.8525832295417786, 0.8333433866500854, 0.7464737296104431, 0.46083617210388184, 0.4078773856163025, 0.21111704409122467, 0.1721363365650177, 0.15997788310050964, 0.14256525039672852, 0.13810855150222778, 0.13484817743301392, 0.13066542148590088, 0.10345911234617233, 0.10042277723550797, 0.09924521297216415, 0.09920629113912582, 0.09856144338846207, 0.09807100892066956, 0.09780175983905792, 0.09703274816274643, 0.09686680883169174, 0.0955788865685463, 0.09466256946325302, 0.09396260231733322, 0.09129244834184647, 0.09127713739871979, 0.09036548435688019, 0.09027908742427826, 0.08980987966060638, 0.07643559575080872, 0.07325374335050583, 0.0718083530664444, 0.0657106265425682, 0.06154678389430046, 0.0609639436006546, 0.059941645711660385, 0.05903990566730499, 0.05886131897568703, 0.05855502560734749, 0.058078788220882416, 0.05773591250181198, 0.05705834552645683, 0.05687780678272247, 0.05682327225804329, 0.05672555789351463, 0.05630044639110565, 0.05585372820496559, 0.0557108148932457, 0.055526651442050934, 0.05551120266318321, 0.055248893797397614, 0.05513462424278259, 0.05505739524960518, 0.05483067408204079, 0.05472484976053238, 0.05466797947883606, 0.05442873015999794, 0.05418214201927185, 0.054159440100193024, 0.05386010557413101, 0.053754448890686035, 0.053704798221588135, 0.053569987416267395, 0.05317891761660576, 0.05306929349899292, 0.053027283400297165, 0.05296981707215309, 0.05294933542609215, 0.052911341190338135, 0.05287521332502365, 0.05237950384616852, 0.052214138209819794, 0.05218084156513214, 0.052129533141851425, 0.05209744721651077, 0.052043087780475616, 0.05164485424757004, 0.05156451463699341, 0.0514364168047905, 0.051385316997766495, 0.051266565918922424, 0.05116655305027962, 0.051158737391233444, 0.05094868317246437, 0.0507870577275753, 0.050764698535203934, 0.05057861655950546, 0.05053568631410599, 0.05033712089061737, 0.05026809871196747, 0.050255369395017624], "bboxes": [[209.35047912597656, 177.1308135986328, 458.74615478515625, 381.4956970214844], [294.7232360839844, 117.37410736083984, 380.554931640625, 150.37173461914062], [608.447021484375, 112.80558776855469, 636.1524047851562, 137.41748046875], [398.300537109375, 110.36638641357422, 432.2930603027344, 133.11294555664062], [478.4297180175781, 110.73091888427734, 523.3587036132812, 129.65548706054688], [1.882055640220642, 110.35502624511719, 63.54182434082031, 144.7786102294922], [187.64437866210938, 107.50233459472656, 299.70489501953125, 153.5772705078125], [428.78515625, 104.93952941894531, 484.5605773925781, 132.16807556152344], [166.68893432617188, 109.36775970458984, 214.11692810058594, 137.89959716796875], [569.8445434570312, 110.76300048828125, 593.1201782226562, 125.24710845947266], [267.98858642578125, 106.1907730102539, 328.9244689941406, 126.93213653564453], [592.2899780273438, 111.3041763305664, 617.2655639648438, 125.48748016357422], [90.72600555419922, 90.32904815673828, 118.3801040649414, 100.05899810791016], [138.76039123535156, 97.1578140258789, 167.7278594970703, 105.66206359863281], [59.345184326171875, 92.90038299560547, 84.11125946044922, 105.6561050415039], [133.43820190429688, 92.22811126708984, 157.82855224609375, 103.15867614746094], [221.72882080078125, 95.99391174316406, 252.78485107421875, 107.62283325195312], [615.2017211914062, 108.0999526977539, 634.0049438476562, 121.73512268066406], [98.28025817871094, 92.46228790283203, 115.97185516357422, 98.73973846435547], [100.5711441040039, 94.64344024658203, 114.38987731933594, 101.38436126708984], [87.91578674316406, 91.55973815917969, 104.82157135009766, 97.59850311279297], [543.9285278320312, 114.18338012695312, 562.4039306640625, 125.71470642089844], [108.7123031616211, 94.81044006347656, 118.80928802490234, 101.41276550292969], [166.04641723632812, 96.59272766113281, 182.8756103515625, 105.07923126220703], [534.6168823242188, 113.04563903808594, 547.1068725585938, 125.57369995117188], [86.25907897949219, 89.97602844238281, 108.37175750732422, 95.90370178222656], [54.75764465332031, 105.63148498535156, 68.8584976196289, 118.27269744873047], [90.39891815185547, 93.47401428222656, 102.712890625, 99.75696563720703], [430.3042907714844, 104.00636291503906, 484.6188659667969, 133.00584411621094], [83.84630584716797, 91.1517562866211, 96.34479522705078, 96.66400146484375], [92.21678161621094, 89.6514663696289, 102.4145278930664, 94.47177124023438], [33.227317810058594, 87.1064682006836, 46.901004791259766, 99.3496322631836], [354.8232727050781, 116.97383880615234, 381.9425048828125, 133.804443359375], [538.3818359375, 110.71520233154297, 551.4032592773438, 120.16583251953125], [94.57997131347656, 90.06736755371094, 115.46559143066406, 96.14227294921875], [0.0, 111.43024444580078, 23.04950523376465, 130.71961975097656], [84.55461883544922, 93.16401672363281, 94.55875396728516, 99.06835174560547], [84.19480895996094, 88.7563247680664, 93.55196380615234, 94.1340560913086], [204.26651000976562, 96.75922393798828, 211.361572265625, 107.39677429199219], [325.2476501464844, 123.36396789550781, 336.602783203125, 134.46038818359375], [325.06085205078125, 119.43909454345703, 335.9671936035156, 130.62255859375], [204.06126403808594, 101.3739242553711, 211.31715393066406, 109.33686065673828], [375.7568054199219, 132.2830352783203, 432.0370178222656, 186.90928649902344], [559.15185546875, 86.08114624023438, 567.8139038085938, 94.83995056152344], [241.34251403808594, 115.52994537353516, 252.64723205566406, 128.82823181152344], [595.362548828125, 74.37530517578125, 604.4256591796875, 83.8941421508789], [574.6316528320312, 67.08345794677734, 583.5470581054688, 78.71146392822266], [570.6653442382812, 81.12677001953125, 577.15625, 89.68912506103516], [559.65185546875, 80.03561401367188, 567.5686645507812, 89.47101593017578], [584.005126953125, 74.62813568115234, 592.3007202148438, 83.8580093383789], [333.72674560546875, 119.33555603027344, 343.76141357421875, 128.74644470214844], [561.4471435546875, 85.84225463867188, 570.4746704101562, 93.1792221069336], [570.4700927734375, 83.46649169921875, 577.4583740234375, 93.70805358886719], [518.3610229492188, 72.08273315429688, 526.6661376953125, 82.89751434326172], [147.8953094482422, 77.8436279296875, 155.1793670654297, 85.39002227783203], [212.59213256835938, 96.51404571533203, 220.88084411621094, 106.65771484375], [180.250732421875, 75.59595489501953, 187.54629516601562, 84.98994445800781], [221.23831176757812, 111.39862823486328, 230.68878173828125, 125.88825225830078], [231.2063751220703, 111.98125457763672, 244.4535675048828, 124.8464584350586], [547.8086547851562, 71.97975158691406, 557.9381103515625, 83.66238403320312], [325.12176513671875, 130.7670135498047, 338.2247619628906, 147.22328186035156], [592.4263916015625, 74.72090148925781, 600.610107421875, 82.54451751708984], [152.37344360351562, 82.00074005126953, 162.517822265625, 89.40775299072266], [141.97183227539062, 74.8491439819336, 150.39596557617188, 81.13355255126953], [332.0346984863281, 121.97823333740234, 343.8242492675781, 133.01409912109375], [583.8323364257812, 65.44026184082031, 594.3878784179688, 82.75689697265625], [632.6043090820312, 104.75323486328125, 638.50048828125, 112.76902770996094], [557.3427124023438, 73.31221771240234, 564.9791259765625, 84.17206573486328], [568.6474609375, 88.95897674560547, 576.562744140625, 100.97212219238281], [568.9465942382812, 83.6534423828125, 578.75927734375, 105.64447021484375], [134.4258575439453, 61.25260925292969, 141.15089416503906, 71.07593536376953], 