{"coco/bbox_mAP": 0.164, "coco/bbox_mAP_50": 0.231, "coco/bbox_mAP_75": 0.179, "coco/bbox_mAP_s": 0.002, "coco/bbox_mAP_m": 0.17, "coco/bbox_mAP_l": 0.684, "coco/segm_mAP": 0.146, "coco/segm_mAP_50": 0.217, "coco/segm_mAP_75": 0.158, "coco/segm_mAP_s": 0.001, "coco/segm_mAP_m": 0.118, "coco/segm_mAP_l": 0.603, "coco/AR@100": 0.164, "coco/AR@300": 0.164, "coco/AR@1000": 0.164, "coco/AR_s@1000": 0.002, "coco/AR_m@1000": 0.285, "coco/AR_l@1000": 0.772, "data_time": 1.538612095036901, "time": 2.290039494521636}