{"coco/bbox_mAP": 0.066, "coco/bbox_mAP_50": 0.096, "coco/bbox_mAP_75": 0.076, "coco/bbox_mAP_s": 0.0, "coco/bbox_mAP_m": 0.03, "coco/bbox_mAP_l": 0.342, "coco/segm_mAP": 0.061, "coco/segm_mAP_50": 0.091, "coco/segm_mAP_75": 0.067, "coco/segm_mAP_s": 0.0, "coco/segm_mAP_m": 0.018, "coco/segm_mAP_l": 0.283, "coco/AR@100": 0.057, "coco/AR@300": 0.057, "coco/AR@1000": 0.057, "coco/AR_s@1000": 0.0, "coco/AR_m@1000": 0.041, "coco/AR_l@1000": 0.406, "data_time": 1.4387434263874714, "time": 1.996420249006802}