{"data_time": 1.529772667060221, "time": 2.381723579607512}