{"coco/bbox_mAP": 0.11, "coco/bbox_mAP_50": 0.178, "coco/bbox_mAP_75": 0.127, "coco/bbox_mAP_s": 0.001, "coco/bbox_mAP_m": 0.084, "coco/bbox_mAP_l": 0.473, "coco/segm_mAP": 0.102, "coco/segm_mAP_50": 0.171, "coco/segm_mAP_75": 0.114, "coco/segm_mAP_s": 0.0, "coco/segm_mAP_m": 0.062, "coco/segm_mAP_l": 0.396, "coco/AR@100": 0.102, "coco/AR@300": 0.102, "coco/AR@1000": 0.102, "coco/AR_s@1000": 0.0, "coco/AR_m@1000": 0.162, "coco/AR_l@1000": 0.516, "data_time": 1.3372280436350887, "time": 2.0461743039296088}